id_unidade,nome,latitude,longitude,total_retirado,subprefeitura,dist_km
337,UBS SÉ,-23.551244,-46.628102,32208991.0,SÉ,0.7623390908173716
73,UBS BURGO PAULISTA,-23.523251,-46.490492,27830554.0,ERMELINO MATARAZZO,2.0806791296407288
410,UBS VILA PRUDENTE,-23.581974,-46.583095,17846303.0,IPIRANGA,2.118135722781246
11,AMA/UBS JARDIM CASTRO ALVES - DRA MARIA CRISTINA F,-23.742542,-46.686385,16844059.0,CAPELA DO SOCORRO,2.9226010099315856
206,UBS JARDIM MIRIAM II,-23.678943,-46.64006,16728442.0,JABAQUARA,3.4679450302573644
324,UBS SANTA CECÍLIA - DR HUMBERTO PASCALE,-23.531812,-46.652206,15887166.0,SÉ,2.535011336908527
8,AMA/UBS JARDIM BRASIL,-23.486074,-46.576754,15733455.0,JACANA/TREMEMBE,2.082588914950169
367,UBS VILA DAS MERCÊS,-23.629575,-46.604935,14941298.0,JABAQUARA,4.098924740889684
323,UBS SACOMÃ - EDMUNDO SUSSUMU FUJITA,-23.61397,-46.593917,13940656.0,IPIRANGA,3.1070547248320444
438,UPA SACOMÃ,-23.61397,-46.593917,13634467.0,IPIRANGA,3.1070547248320444
339,UBS THÉRSIO VENTURA,-23.503523,-46.47097,13079845.0,ERMELINO MATARAZZO,0.9687266498862392
47,AMA/UBS VILA ORATÓRIO - DR. TITO PEDRO MASCELANI,-23.574095,-46.55899,12703110.0,VILA PRUDENTE,0.9750821481715336
21,AMA/UBS JARDIM SANTO ANDRÉ,-23.630975,-46.443448,12523069.0,SÃO MATEUS,4.343091108086606
44,AMA/UBS VILA MEDEIROS,-23.492496,-46.585349,12221753.0,SANTANA/TUCURUVI,2.2462221785786567
320,UBS REUNIDAS I,-23.604181,-46.532643,12107699.0,SAPOPEMBA,2.0815025585947597
126,UBS ERMELINO MATARAZZO,-23.488976,-46.476551,12000979.0,ERMELINO MATARAZZO,2.085257182341365
31,AMA/UBS PARQUE BOTURUSSU PROF. DR. HUMBERTO CERRUTI,-23.502178,-46.493748,11843538.0,ERMELINO MATARAZZO,1.5805049354973064
2,AMA/UBS AMERICANOPOLIS,-23.664974,-46.644203,11621515.0,JABAQUARA,1.9632634690128599
116,UBS DR. JOSÉ TOLEDO PIZA,-23.461035,-46.583222,11427695.0,JACANA/TREMEMBE,0.7845675660798366
36,AMA/UBS PERUS,-23.409546,-46.757242,11306778.0,PERUS/ANHANGUERA,0.5050234809110141
46,AMA/UBS VILA NOVA JAGUARÉ,-23.543204,-46.744508,11106980.0,PINHEIROS,4.7574330382261545
106,UBS CUPECÊ - DR. WALDOMIRO PREGNOLATTO,-23.648111,-46.662108,11089288.0,JABAQUARA,2.2583602836126917
39,AMA/UBS VILA ANTONIETA,-23.573376,-46.51582,11053189.0,SAPOPEMBA,3.0176053442054016
124,UBS ENGENHEIRO GOULART - DR. JOSÉ PIRES,-23.500315,-46.5172,11048760.0,PENHA,2.060383990703807
142,UBS ITAQUERA,-23.539456,-46.455397,10390765.0,ITAQUERA,1.0801172181572478
186,UBS JARDIM ICARAI QUINTANA,-23.746157,-46.70569,10382169.0,CAPELA DO SOCORRO,2.895252153299137
33,AMA/UBS PARQUE FERNANDA,-23.675866,-46.792143,10314759.0,M'BOI MIRIM,6.553536539018397
179,UBS JARDIM GUAIRACÁ,-23.599765,-46.539917,10296166.0,SAPOPEMBA,2.779620518837821
345,UBS VERA CRUZ - DR FERNANDO PROENÇA DE GOUVEA,-23.734693,-46.781399,10236355.0,CAPELA DO SOCORRO,8.25851766412836
440,UPA VERA CRUZ,-23.734693,-46.781399,10147180.0,CAPELA DO SOCORRO,8.25851766412836
260,UBS JOSÉ MARCÍLIO MALTA CARDOSO,-23.570193,-46.760919,9977108.0,BUTANTA,3.0789685693765003
319,UBS REPÚBLICA - FERNANDA SANTE LIMEIRA,-23.547169,-46.636719,9960803.0,SÉ,0.22658070127004118
364,UBS VILA CURUÇÁ,-23.5023,-46.422952,9956362.0,ITAIM PAULISTA,1.1645130677166105
23,AMA/UBS JARDIM SÃO JORGE - DR. PAULO EDUARDO ELIAS,-23.592622,-46.78377,9886530.0,BUTANTA,4.682944854134604
256,UBS JOAQUIM ANTONIO EIRADO,-23.503558,-46.631657,9751424.0,VILA GUILHERME/VILA MARIA,3.4461985801072452
41,AMA/UBS VILA CALIFORNIA - ZEILIVAL BRUSCAGIN,-23.605165,-46.555188,9736877.0,VILA PRUDENTE,2.5858768854960084
98,UBS CIDADE PEDRO JOSE NUNES,-23.50099,-46.462421,9625641.0,SÃO MIGUEL PAULISTA,1.1384284923913564
356,UBS VILA CAIÚBA,-23.399928,-46.751123,9601072.0,PERUS/ANHANGUERA,0.8190494949027204
214,UBS JARDIM ORION/GUANHEMBU,-23.727229,-46.68573,9573560.0,CAPELA DO SOCORRO,1.804701576127658
285,UBS PARELHEIROS,-23.830119,-46.727018,9478813.0,PARELHEIROS,1.8683383063732788
51,AMA/UBS VILA PREL - ANTONIO BERNARDES DE OLIVEIRA,-23.648337,-46.754124,9305150.0,CAMPO LIMPO,1.9767633376483746
312,UBS PREFEITO CELSO AUGUSTO DANIEL,-23.563461,-46.396794,9271454.0,GUAIANASES,2.94569628526177
170,UBS JARDIM ELEDY,-23.654763,-46.784546,9267675.0,CAMPO LIMPO,5.150993434423732
396,UBS VILA MORAES - JOÃO PAULO BOTELHO VIEIRA,-23.633518,-46.612541,9234310.0,JABAQUARA,3.2086520509009557
347,UBS VILA ALPINA - DR. HERMINIO MOREIRA,-23.596516,-46.567697,9225954.0,VILA PRUDENTE,1.6782421653323674
37,AMA/UBS SÃO VICENTE DE PAULA,-23.590937,-46.608997,9186300.0,IPIRANGA,0.7281388994211971
255,UBS JAÇANÃ - DR. SEBASTIÃO GABRIEL SAYAGO DE LAET,-23.474601,-46.580464,9182816.0,JACANA/TREMEMBE,0.752419479310064
338,UBS TEOTONIO VILELA,-23.605914,-46.503437,9164014.0,SAPOPEMBA,1.1234192698820291
420,UBS VILA SANTANA,-23.525283,-46.44572,9137591.0,ITAQUERA,1.4280468546785083
35,AMA/UBS PAULO VI,-23.60189,-46.795247,9087249.0,BUTANTA,6.020351288321746
94,UBS CIDADE KEMEL,-23.504193,-46.366966,9030400.0,ITAIM PAULISTA,5.251731972365376
76,UBS CAMBUCI,-23.569756,-46.623117,8963408.0,SÉ,2.6922391479348162
148,UBS JARDIM BOA VISTA,-23.584116,-46.791236,8911975.0,BUTANTA,5.4390499708705535
299,UBS PARQUE NOVO MUNDO II,-23.511999,-46.565792,8899528.0,VILA GUILHERME/VILA MARIA,4.051472963986762
411,UBS VILA RAMOS - DR. LUIZ AUGUSTO DE CAMPOS,-23.520517,-46.46385,8892474.0,ITAQUERA,1.2012224336436035
15,AMA/UBS JARDIM GRIMALDI,-23.591972,-46.516349,8822039.0,SAPOPEMBA,1.0059107666492828
202,UBS JARDIM MAIA,-23.492313,-46.41572,8760826.0,ITAIM PAULISTA,0.17821319057204096
207,UBS JARDIM MITSUTANI,-23.644109,-46.78064,8654969.0,CAMPO LIMPO,4.577856487485186
298,UBS PARQUE NOVO MUNDO I,-23.517898,-46.577016,8601493.0,VILA GUILHERME/VILA MARIA,2.7949801514041734
171,UBS JARDIM ELIANE,-23.75398,-46.670675,8581411.0,CAPELA DO SOCORRO,4.899509330776452
163,UBS JARDIM DA SAÚDE - NEUSA ROSALIA MORALES,-23.612826,-46.616326,8565937.0,IPIRANGA,3.143349115077823
114,UBS DR. EDUARDO ROMANO RESCHILIAN,-23.638629,-46.606148,8558528.0,JABAQUARA,3.588536224941943
341,UBS UNIÃO DAS VILAS DE TAIPAS,-23.435982,-46.71802,8537256.0,PERUS/ANHANGUERA,4.81081137317267
53,AMA/UBS VILA SONIA,-23.597638,-46.734804,8502712.0,BUTANTA,1.0904056067927101
13,AMA/UBS JARDIM DAS OLIVEIRAS,-23.495215,-46.380446,8496362.0,ITAIM PAULISTA,3.742060715350625
5,AMA/UBS DR. GERALDO DA SILVA FERREIRA,-23.652274,-46.637902,8480790.0,JABAQUARA,0.5436434689876096
150,UBS JARDIM CAMPINAS,-23.771606,-46.712544,8467798.0,PARELHEIROS,5.392122281088264
357,UBS VILA CAMPESTRE,-23.660325,-46.650388,8461546.0,JABAQUARA,1.7567188917583891
190,UBS JARDIM IV CENTENÁRIO,-23.590095,-46.499921,8460122.0,SAPOPEMBA,1.727243553163971
421,UBS VILA SANTO ESTEVÃO - WOADY JORGE KALIL,-23.549138,-46.561071,8441494.0,ARICANDUVA/CARRAO/FORMOSA,1.326897226615804
200,UBS JARDIM MACEDÔNIA,-23.653206,-46.789802,8422034.0,CAMPO LIMPO,5.631077460317882
441,UPA VILA MARIA - DR JOSE MAURO DEL ROIO CORREA,-23.517303,-46.57732,8413429.0,VILA GUILHERME/VILA MARIA,2.774819568028991
154,UBS JARDIM CLIPER - ROCILDA SOARES ALVES SILVA,-23.723518,-46.70575,8408780.0,CAPELA DO SOCORRO,0.5339272606989973
158,UBS JARDIM COMERCIAL,-23.671608,-46.77954,8386028.0,M'BOI MIRIM,5.222873623448269
100,UBS CIDADE TIRADENTES - LUIS MARANHÃO,-23.586919,-46.406914,8378978.0,CIDADE TIRADENTES,1.0504805107301753
191,UBS JARDIM IVA,-23.584218,-46.516647,8271564.0,SAPOPEMBA,1.8403813279165788
398,UBS VILA NIVI,-23.477844,-46.587933,8239854.0,JACANA/TREMEMBE,1.2359951213931732
293,UBS PARQUE EDU CHAVES,-23.477272,-46.568751,8224254.0,JACANA/TREMEMBE,1.7168271111782865
376,UBS VILA FORMOSA I - DR. ANTONIO DA SILVEIRA E OLIVEIRA,-23.562265,-46.552358,8201462.0,ARICANDUVA/CARRAO/FORMOSA,1.384744021360611
274,UBS NASCER DO SOL,-23.595179,-46.412514,8155612.0,CIDADE TIRADENTES,1.4031303737896614
316,UBS RECANTO CAMPO BELO,-23.792642,-46.738522,8152718.0,PARELHEIROS,2.5331558839510473
52,AMA/UBS VILA SILVIA,-23.491486,-46.50436,8138095.0,ERMELINO MATARAZZO,3.1095862255594744
32,AMA/UBS PARQUE BRISTOL,-23.649224,-46.610337,8131264.0,JABAQUARA,3.0196636042963174
371,UBS VILA EMA - DR FUAD KASSAB,-23.5818209,-46.5469837,8129025.0,VILA PRUDENTE,1.46385335604248
136,UBS IAÇAPE - JARDIM PLANALTO,-23.610489,-46.509843,8102299.0,SAPOPEMBA,1.1621856527959384
192,UBS JARDIM JAPÃO,-23.505844,-46.588065,8073418.0,VILA GUILHERME/VILA MARIA,2.3950935393525676
4,AMA/UBS CANGAÍBA - DR. CARLOS GENTILE DE MELLO,-23.505467,-46.520952,8038545.0,PENHA,1.4505095853901449
387,UBS VILA IZOLINA MAZZEI,-23.493225,-46.600931,8010403.0,SANTANA/TUCURUVI,1.3577338023037775
204,UBS JARDIM MARILIA,-23.56266,-46.492422,7989109.0,SAPOPEMBA,4.671028853474679
307,UBS PARQUE SÃO LUCAS,-23.596283,-46.546275,7980662.0,VILA PRUDENTE,2.160206056552143
131,UBS GUAIANASES II,-23.545666,-46.41555,7972354.0,GUAIANASES,0.26047822834156714
92,UBS CIDADE IPAVA,-23.720343,-46.764792,7946604.0,CAPELA DO SOCORRO,6.413212204361871
138,UBS INACIO MONTEIRO,-23.576502,-46.391778,7943694.0,CIDADE TIRADENTES,2.604871503757158
311,UBS PONTE RASA - DR. CARLOS OLIVALDO DE SOUZA LOPES MUNIZ ,-23.515069,-46.48304,7908947.0,ERMELINO MATARAZZO,0.9152363014420642
42,AMA/UBS VILA CLARA,-23.672351,-46.637515,7884267.0,JABAQUARA,2.746052730021888
55,AMA/UBS ÁGUA RASA - DR. MARCOS ANDRADE CORSATO,-23.55364,-46.58018,7877175.0,MOOCA,1.878824294468454
343,UBS VARGINHA,-23.78522,-46.683916,7779336.0,PARELHEIROS,6.230418984588185
405,UBS VILA PARANAGUÁ,-23.494931,-46.474236,7773047.0,ERMELINO MATARAZZO,1.4982511671144305
155,UBS JARDIM COIMBRA,-23.678675,-46.762626,7753794.0,M'BOI MIRIM,3.699651456947521
74,UBS BUTANTÃ,-23.577004,-46.733989,7745677.0,BUTANTA,1.3223176933636456
280,UBS PADRE JOSE DE ANCHIETA,-23.552425,-46.487562,7744892.0,ITAQUERA,3.845057147246057
253,UBS JARDIM VISTA ALEGRE - VANDA APARECIDA DOS SANTOS,-23.450181,-46.688636,7696829.0,FREGUESIA DO Ó/BRASILANDIA,3.785720582697217
18,AMA/UBS JARDIM LADEIRA ROSA,-23.460809,-46.673366,7660224.0,FREGUESIA DO Ó/BRASILANDIA,1.939820397876659
219,UBS JARDIM PERI,-23.464226,-46.654818,7638293.0,FREGUESIA DO Ó/BRASILANDIA,1.7277396364187227
199,UBS JARDIM LÍDIA,-23.666041,-46.762719,7616167.0,M'BOI MIRIM,3.4914135449849404
241,UBS JARDIM SÃO BENTO,-23.685574,-46.784452,7555610.0,M'BOI MIRIM,6.050724080044693
77,UBS CAMPO GRANDE,-23.674283,-46.685167,7530078.0,CIDADE ADEMAR,1.3318426580609437
402,UBS VILA NOVA MANCHESTER - DR. ARLINDO GENNARI,-23.54651,-46.531881,7506247.0,ARICANDUVA/CARRAO/FORMOSA,1.7127639644032489
121,UBS DRA. ILZA WELTMAN HUTZLER,-23.476667,-46.659038,7492749.0,FREGUESIA DO Ó/BRASILANDIA,0.6232236280055791
247,UBS JARDIM SÃO SAVÉRIO - AURELIO MELLONE,-23.657244,-46.614249,7479562.0,JABAQUARA,2.821410163025826
12,AMA/UBS JARDIM DA CONQUISTA III,-23.60785,-46.447629,7477293.0,SÃO MATEUS,2.341679797444799
321,UBS REUNIDAS II,-23.604961,-46.520894,7475724.0,SAPOPEMBA,0.9840839603478077
174,UBS JARDIM ETELVINA,-23.530377,-46.421666,7368078.0,GUAIANASES,1.5679636873969665
294,UBS PARQUE ENGENHO II,-23.661211,-46.785958,7307419.0,CAMPO LIMPO,5.515678566367322
133,UBS GUARANI VARGAS - ARNALDO FARIA DE SÁ,-23.633742,-46.636674,7299910.0,JABAQUARA,1.5933107738128556
50,AMA/UBS VILA PIAUÍ,-23.502392,-46.761177,7299367.0,PIRITUBA/JAGUARÁ,3.781006361020879
362,UBS VILA CISPER,-23.489888,-46.491591,7232053.0,ERMELINO MATARAZZO,2.3242127081875528
29,AMA/UBS PADRE MANOEL DA NÓBREGA,-23.544955,-46.48699,7206588.0,ITAQUERA,3.3213690976268055
80,UBS CARLOS GENTILE DE MELO,-23.588657,-46.396489,7197076.0,CIDADE TIRADENTES,2.1147300659393435
135,UBS HUMAITÁ - DR. JOÃO DE AZEVEDO LAGE,-23.557223,-46.641943,7168589.0,SÉ,1.2655570129782916
169,UBS JARDIM EDITE - GERONCIO HENRIQUE NETO,-23.613259,-46.694319,7167217.0,SANTO AMARO,4.415825688014264
305,UBS PARQUE SANTA RITA,-23.513056,-46.413587,7130165.0,ITAIM PAULISTA,2.223705437521485
425,UBS ÁGUA FUNDA,-23.630363,-46.626056,7114974.0,JABAQUARA,2.3958674684342314
45,AMA/UBS VILA MISSIONÁRIA,-23.688981,-46.64963,7069497.0,CIDADE ADEMAR,3.4842474361806532
38,AMA/UBS SÍTIO DA CASA PINTADA,-23.510046,-46.446568,7059044.0,SÃO MIGUEL PAULISTA,1.1792417919544964
144,UBS JARDIM AEROPORTO - DR. MASSAKI UDIHARA,-23.63132655,-46.67007416,7058116.0,JABAQUARA,3.5720772403332255
375,UBS VILA FORMOSA - COMENDADOR JOSÉ GONZALEZ,-23.570168,-46.534689,7050702.0,ARICANDUVA/CARRAO/FORMOSA,2.5872584002167076
304,UBS PARQUE RESIDENCIAL COCAIA INDEPENDENTE,-23.744909,-46.668805,7043324.0,CAPELA DO SOCORRO,4.327249565684681
110,UBS DONA ADELAIDE LOPES,-23.498228,-46.677682,7031577.0,CASA VERDE/CACHOEIRINHA,1.898498217289087
151,UBS JARDIM CAMPOS,-23.512347,-46.408978,7021871.0,ITAIM PAULISTA,2.27176960840901
222,UBS JARDIM REPÚBLICA,-23.714924,-46.687165,7006989.0,CAPELA DO SOCORRO,1.607521778780918
286,UBS PARQUE ARARIBA,-23.638134,-46.749688,6999412.0,CAMPO LIMPO,1.5096109621458884
418,UBS VILA SANTA CATARINA,-23.653333,-46.652384,6987755.0,JABAQUARA,1.411132259513458
96,UBS CIDADE NOVA SÃO MIGUEL,-23.503639,-46.431919,6959935.0,ITAIM PAULISTA,1.8990500607600649
395,UBS VILA MARIANA - DIOGO NOMURA,-23.595626,-46.643264,6949911.0,VILA MARIANA,0.6965349037296358
342,UBS UNIÃO DE VILA NOVA,-23.483441,-46.45933,6915379.0,SÃO MIGUEL PAULISTA,2.052721230246465
162,UBS JARDIM DA CONQUISTA II,-23.606582,-46.442832,6888527.0,SÃO MATEUS,2.7540712671758305
233,UBS JARDIM SAPOPEMBA - PROF DR HUMBERTO DELBONI FILHO,-23.611647,-46.492935,6873663.0,SAPOPEMBA,2.368351137810036
351,UBS VILA ARAPUÃ - NELSON MORAES,-23.633665,-46.589026,6870222.0,IPIRANGA,5.348791639743124
409,UBS VILA PROGRESSO,-23.515171,-46.433226,6865068.0,SÃO MIGUEL PAULISTA,2.469898035989491
264,UBS LUIZ ERNESTO MAZZONI,-23.644904,-46.593056,6820409.0,JABAQUARA,4.786028740292162
314,UBS PRO MORAR,-23.604225,-46.499356,6811357.0,SAPOPEMBA,1.4207406610741065
380,UBS VILA GUILHERME,-23.516271,-46.605441,6777662.0,VILA GUILHERME/VILA MARIA,0.602021894644398
220,UBS JARDIM POPULAR - DR. MATHEUS SANTAMARIA,-23.516832,-46.506484,6743383.0,PENHA,1.4930671905141748
315,UBS PROF. MILTON SANTOS,-23.628802,-46.646296,6728834.0,JABAQUARA,2.20472318732775
302,UBS PARQUE PERUCHE,-23.497668,-46.65475,6674137.0,CASA VERDE/CACHOEIRINHA,1.974648781860773
273,UBS MORRO DOCE,-23.438633,-46.793473,6668724.0,PERUS/ANHANGUERA,5.412279389581927
60,UBS ALMIRANTE DELLAMARE,-23.603784,-46.596046,6617909.0,IPIRANGA,1.965895095341902
251,UBS JARDIM VALQUIRIA,-23.658143,-46.775156,6583002.0,CAMPO LIMPO,4.368719172328493
240,UBS JARDIM SOUZA,-23.688776,-46.748299,6572449.0,M'BOI MIRIM,3.1233041173482534
378,UBS VILA GRANADA - DR ALFREDO FERREIRA PAULINO FILHO,-23.523592,-46.508683,6567314.0,PENHA,1.3781968940309066
344,UBS VELEIROS,-23.683051,-46.711533,6565461.0,M'BOI MIRIM,2.4539326511630284
205,UBS JARDIM MARINGÁ - VILA TALARICO,-23.553634,-46.515006,6536491.0,ARICANDUVA/CARRAO/FORMOSA,3.3951727211708786
354,UBS VILA BERTIOGA - DOMINGOS DELASCIO,-23.57093,-46.575467,6485760.0,VILA PRUDENTE,1.9394708044250992
104,UBS COSTA MELO,-23.512635,-46.514019,6461964.0,PENHA,0.967211859233028
97,UBS CIDADE PATRIARCA - DR HERMENEGILDO MORBIN JUNIOR,-23.536174,-46.503497,6457482.0,PENHA,2.6544492178932875
43,AMA/UBS VILA IMPÉRIO,-23.672923,-46.649436,6436068.0,CIDADE ADEMAR,2.620256808060125
245,UBS JARDIM SÃO NICOLAU,-23.529459,-46.476227,6434044.0,ITAQUERA,1.7934961725461807
261,UBS JOVA RURAL,-23.454752,-46.579719,6433633.0,JACANA/TREMEMBE,1.4989218367229302
415,UBS VILA ROMANA,-23.528683,-46.695299,6426012.0,LAPA,0.7323746948086653
268,UBS MASCARENHAS DE MORAES,-23.616665,-46.495743,6425141.0,SAPOPEMBA,2.5007754328632186
292,UBS PARQUE DOROTEIA,-23.697363,-46.648234,6412791.0,CIDADE ADEMAR,4.26815501922323
318,UBS RECANTO VERDE SOL,-23.617488,-46.422112,6393920.0,CIDADE TIRADENTES,3.874369069635729
1,AMA/UBS AGUIA DE HAIA,-23.522049,-46.469253,6391108.0,ITAQUERA,1.4112642057443934
442,UPA VILA MARIANA,-23.59583,-46.64269,6390397.0,VILA MARIANA,0.7412052082484747
288,UBS PARQUE BOA ESPERANÇA,-23.594938,-46.448577,6385884.0,SÃO MATEUS,2.117731714869641
224,UBS JARDIM ROBRU - GUAIANAZES,-23.524742,-46.418033,6377463.0,GUAIANASES,2.0813637960477687
227,UBS JARDIM ROSELI,-23.597326,-46.439499,6362886.0,CIDADE TIRADENTES,2.845840374719752
83,UBS CASTRO ALVES,-23.580502,-46.404444,6339238.0,CIDADE TIRADENTES,1.242937136488141
360,UBS VILA CARRÃO - DR. ADHEMAR MONTEIRO PACHECO,-23.553041,-46.52458,6320296.0,ARICANDUVA/CARRAO/FORMOSA,2.4180289448154024
433,UPA PARQUE DOROTEIA,-23.697373,-46.64848923,6313122.0,CIDADE ADEMAR,4.252816616197157
413,UBS VILA REGINA,-23.530319,-46.458847,6300489.0,ITAQUERA,0.022938592181538722
300,UBS PARQUE NOVO SANTO AMARO,-23.700151,-46.782205,6276996.0,M'BOI MIRIM,6.576287943125509
101,UBS CITY JARAGUA,-23.441771,-46.734152,6270532.0,PERUS/ANHANGUERA,4.31571132195379
373,UBS VILA ESPERANÇA - DR. CASSIO BITTENCOURT FILHO,-23.531021,-46.532094,6266835.0,PENHA,1.7919781683699443
57,CS ESCOLA GERALDO DE PAULA SOUZA,-23.553258,-46.67348,6262451.0,PINHEIROS,3.221931945667697
20,AMA/UBS JARDIM PAULISTANO,-23.4614893,-46.7090157,6250822.0,PIRITUBA/JAGUARÁ,3.537169611229713
193,UBS JARDIM JAQUELINE,-23.594884,-46.75181,6249717.0,BUTANTA,1.581278624045627
236,UBS JARDIM SILVA TELLES,-23.500383,-46.408706,6244307.0,ITAIM PAULISTA,1.1606597715715496
105,UBS CRUZ DAS ALMAS,-23.483679,-46.703152,6219917.0,PIRITUBA/JAGUARÁ,2.5238613459661
7,AMA/UBS JARDIM ALFREDO,-23.681717,-46.738937,6217858.0,M'BOI MIRIM,1.920701548387633
401,UBS VILA NOVA GALVÃO - SÔNIA REGINA CAMPANELLI,-23.451464,-46.572609,6203575.0,JACANA/TREMEMBE,2.0877809122500812
70,UBS BRAS - DR. MANOEL SALDIVA NETO,-23.543594,-46.614772,6195787.0,MOOCA,1.862379754089509
287,UBS PARQUE ARTHUR ALVIM,-23.537762,-46.491876,6177874.0,ITAQUERA,3.489315313379933
218,UBS JARDIM PENHA,-23.509317,-46.497103,6177148.0,ERMELINO MATARAZZO,1.816179944860994
210,UBS JARDIM NOSSA SENHORA DO CARMO,-23.577766,-46.48126,6165806.0,SÃO MATEUS,2.7362653937725088
9,AMA/UBS JARDIM BRASILIA,-23.554747,-46.491944,6165483.0,ITAQUERA,4.354153529579509
368,UBS VILA DIONISIA,-23.46509,-46.661781,6147314.0,FREGUESIA DO Ó/BRASILANDIA,1.318775713309397
390,UBS VILA LEONOR,-23.498677,-46.596791,6140805.0,SANTANA/TUCURUVI,2.0580781248007116
359,UBS VILA CARMOSINA,-23.549788,-46.448712,6126856.0,ITAQUERA,2.401070706068564
208,UBS JARDIM NAKAMURA,-23.698963,-46.773577,6115315.0,M'BOI MIRIM,5.784284031797878
160,UBS JARDIM D ABRIL,-23.57601,-46.775112,6096961.0,BUTANTA,4.015673322757842
340,UBS TRÊS PONTES - SRA FLORISVALDA NASCIMENTO DE SOUZA,-23.480836,-46.380551,6095613.0,ITAIM PAULISTA,3.9756659860284858
252,UBS JARDIM VERA CRUZ - PERDIZES,-23.538547,-46.689125,6066049.0,LAPA,1.9377257767982625
379,UBS VILA GUACURI - CICERO SERGIO CAVALCANTE,-23.702719,-46.635888,6062054.0,CIDADE ADEMAR,5.552593750150656
407,UBS VILA PIRITUBA,-23.482599,-46.747013,6061483.0,PIRITUBA/JAGUARÁ,2.1113477912037495
335,UBS SÃO MATEUS - NAIR ALVES DE REZENDE NORIMBENI,-23.59987,-46.483078,6058134.0,SÃO MATEUS,1.4609435844667809
333,UBS SÃO CARLOS - GUAIANASES,-23.557899,-46.412888,6045429.0,GUAIANASES,1.6436273503492018
180,UBS JARDIM GUANABARA,-23.493321,-46.700979,6014545.0,PIRITUBA/JAGUARÁ,2.740737574045934
95,UBS CIDADE LIDER,-23.55418,-46.465023,5990759.0,ITAQUERA,2.74298483037296
137,UBS IGUAÇU - MARIA JOSE MARIANO DA SILVA,-23.612971,-46.522875,5975379.0,SAPOPEMBA,1.747433575623756
377,UBS VILA FORMOSA II,-23.569378,-46.539056,5966896.0,ARICANDUVA/CARRAO/FORMOSA,2.3009879261831343
118,UBS DR. OSWALDO MARASCA JUNIOR,-23.570532,-46.611415,5960595.0,IPIRANGA,2.051234521424191
177,UBS JARDIM FONTALIS,-23.438958,-46.57138,5953913.0,JACANA/TREMEMBE,3.417405303334384
279,UBS NOVO JARDIM I,-23.666553,-46.736491,5949430.0,M'BOI MIRIM,0.8220294628225866
276,UBS NOSSA SENHORA DO BRASIL - ARMANDO DARIENZO,-23.562487,-46.649258,5935747.0,SÉ,2.192135310773741
355,UBS VILA BORGES,-23.587241,-46.770457,5935269.0,BUTANTA,3.3037011640249667
216,UBS JARDIM PARAGUAÇU - DR. GONÇALO FELICIANO ALVES,-23.595817,-46.500238,5897102.0,SAPOPEMBA,1.3613515063157928
239,UBS JARDIM SOARES,-23.553821,-46.398645,5876194.0,GUAIANASES,2.083094359381253
14,AMA/UBS JARDIM ELBA - HUMBERTO GASTÃO BODRA,-23.621251,-46.509238,5868207.0,SAPOPEMBA,2.349038722554191
232,UBS JARDIM SAO CARLOS,-23.5088828,-46.4728396,5862963.0,ERMELINO MATARAZZO,0.6848666130238262
389,UBS VILA JAGUARA,-23.513676,-46.746483,5862693.0,PIRITUBA/JAGUARÁ,3.4131317614776937
275,UBS NITRO OPERÁRIA - PAULO FELDMAN,-23.494236,-46.436474,5849240.0,SÃO MIGUEL PAULISTA,1.6561166438015407
24,AMA/UBS JARDIM TIETE I - OSCAR PEREIRA DA SILVA,-23.598728,-46.494912,5843520.0,SAPOPEMBA,1.8160075279705143
427,UPA CITY JARAGUA,-23.441765,-46.733731,5832716.0,PERUS/ANHANGUERA,4.334524008003012
17,AMA/UBS JARDIM JOAMAR,-23.44883842,-46.59601224,5814392.0,JACANA/TREMEMBE,2.555311975809114
382,UBS VILA GUMERCINDO - PROF JANDIRA MASSUR ,-23.60232124,-46.62467437,5795718.0,VILA MARIANA,2.5639633769319277
238,UBS JARDIM SINHA,-23.593613,-46.51162,5773790.0,SAPOPEMBA,0.7572048736076774
168,UBS JARDIM DOS EUCALÍPTOS - HELIO MOREIRA SALLES,-23.600968,-46.507991,5761428.0,SAPOPEMBA,0.4790857625728228
284,UBS PARAISÓPOLIS III,-23.617073,-46.719822,5754811.0,CAMPO LIMPO,3.276292706216081
234,UBS JARDIM SECKLER,-23.619304,-46.587004,5750451.0,IPIRANGA,3.9152163737318766
127,UBS FAZENDA DA JUTA II,-23.622536,-46.487678,5743579.0,SÃO MATEUS,3.20328122666195
308,UBS PARQUE SÃO RAFAEL - DRA. ORA ROSEN,-23.625432,-46.469475,5739427.0,SÃO MATEUS,2.8802977701939243
215,UBS JARDIM PANAMERICANO,-23.450666,-46.729575,5703463.0,PIRITUBA/JAGUARÁ,4.213109159136743
394,UBS VILA MARIA - DR. LUIZ PAULO GNECCO,-23.499997,-46.590546,5676123.0,SANTANA/TUCURUVI,2.4745882583152503
67,UBS BELENZINHO - MARCUS WOLOSKER,-23.537251,-46.59554,5674696.0,MOOCA,1.5563212415507832
363,UBS VILA COSMOPOLITA,-23.565156,-46.423261,5673158.0,CIDADE TIRADENTES,2.1119427625933853
400,UBS VILA NOVA CURUÇÁ,-23.516246,-46.426579,5648181.0,ITAIM PAULISTA,2.7273459755763176
383,UBS VILA HELOISA,-23.58975,-46.534832,5642366.0,SAPOPEMBA,2.549982863679512
54,AMA/UBS WAMBERTO DIAS DA COSTA,-23.468866,-46.603249,5638551.0,SANTANA/TUCURUVI,1.3804206243736323
358,UBS VILA CANAÃ,-23.654478,-46.664065,5628748.0,CIDADE ADEMAR,1.7856941758163567
188,UBS JARDIM INDAIÁ,-23.515596,-46.397985,5624971.0,ITAIM PAULISTA,3.1511445400741978
182,UBS JARDIM GUARUJÁ,-23.692477,-46.787996,5619294.0,M'BOI MIRIM,6.674943798333604
189,UBS JARDIM IPORÃ,-23.7832688,-46.7125378,5613546.0,PARELHEIROS,4.262318672066076
249,UBS JARDIM TRÊS CORAÇÕES,-23.769673,-46.68463,5591036.0,CAPELA DO SOCORRO,5.754440473944077
63,UBS ALTO DO UMUARAMA,-23.646152,-46.772443,5564957.0,CAMPO LIMPO,3.7599616810791137
406,UBS VILA PENTEADO - FATIMA DE JESUS VIANA ROSA,-23.466897,-46.680762,5563302.0,FREGUESIA DO Ó/BRASILANDIA,1.92001833709546
423,UBS VILA ZATT,-23.47707,-46.711546,5547022.0,PIRITUBA/JAGUARÁ,2.0513955475893715
289,UBS PARQUE DA LAPA,-23.53198,-46.720594,5535860.0,LAPA,2.7939077748193144
381,UBS VILA GUILHERMINA - DR. AMERICO RASPA NETO,-23.537738,-46.514362,5528673.0,PENHA,2.242826089860301
27,AMA/UBS LAUZANE PAULISTA,-23.475219,-46.641714,5507780.0,FREGUESIA DO Ó/BRASILANDIA,2.3944803821428273
10,AMA/UBS JARDIM CAPELA,-23.730482,-46.788771,5502482.0,CAPELA DO SOCORRO,8.925142066233091
111,UBS DONA MARIQUINHA SCIASCIA,-23.460984,-46.622647,5479135.0,SANTANA/TUCURUVI,2.9731044102113904
417,UBS VILA SABRINA - DR. CARLOS AUGUSTO AUTRAN PEDERNEIRAS LIMA,-23.492425,-46.572817,5478163.0,JACANA/TREMEMBE,2.8774285769282306
391,UBS VILA MAGGI,-23.455517,-46.716436,5462995.0,PIRITUBA/JAGUARÁ,3.8322795364829885
329,UBS SANTO ESTEVÃO,-23.559557,-46.460052,5461034.0,ITAQUERA,3.2660487038150112
313,UBS PRIMEIRO DE OUTUBRO,-23.530463,-46.397926,5449560.0,GUAIANASES,2.297956260488624
22,AMA/UBS JARDIM SAO FRANCISCO II,-23.631224,-46.458069,5427543.0,SÃO MATEUS,3.687446318002119
397,UBS VILA NATAL,-23.763955,-46.707403,5421155.0,CAPELA DO SOCORRO,4.880517771082118
257,UBS JORDANÓPOLIS,-23.7297666,-46.7036377,5409550.0,CAPELA DO SOCORRO,1.062144817730875
386,UBS VILA ITAPEMA,-23.560495,-46.51011,5371547.0,ARICANDUVA/CARRAO/FORMOSA,4.03375438447855
112,UBS DR ANTONIO PIRES FERREIRA VILLALOBO,-23.54727,-46.500242,5363959.0,PENHA,3.835326278759728
384,UBS VILA IMPERIO - DRA GILDA TERA TAHIRA,-23.67652,-46.650869,5353929.0,CIDADE ADEMAR,2.606368252845242
78,UBS CAMPO LIMPO,-23.636955,-46.763805,5346109.0,CAMPO LIMPO,2.930416416530494
349,UBS VILA ANGLO - JOSÉ SERRA RIBEIRO,-23.531096,-46.677451,5325618.0,LAPA,2.0855067461977543
198,UBS JARDIM LUCELIA - SANDRA APARECIDA BARBOSA CORREIA LIMA,-23.762557,-46.672309,5315907.0,CAPELA DO SOCORRO,5.569369320253884
242,UBS JARDIM SÃO BERNARDO,-23.753871,-46.698509,5311395.0,CAPELA DO SOCORRO,3.740707981489983
209,UBS JARDIM NITERÓI,-23.682603,-46.667903,5306201.0,CIDADE ADEMAR,1.8157265947019436
91,UBS CHÁCARA SANTO ANTONIO - DR. MARCILIO DE ARRUDA PENTEADO FILHO,-23.635347,-46.699055,5302284.0,SANTO AMARO,1.9436711274329115
399,UBS VILA NOSSA SENHORA APARECIDA,-23.53434,-46.442818,5298221.0,ITAQUERA,1.6784210664757024
217,UBS JARDIM PARANAPANEMA,-23.69334,-46.780739,5292496.0,M'BOI MIRIM,6.056941359528399
34,AMA/UBS PARQUE SANTO ANTONIO,-23.657198,-46.755887,5291483.0,CAMPO LIMPO,2.6119600638373304
297,UBS PARQUE MARIA DOMITILA,-23.488629,-46.738275,5284997.0,PIRITUBA/JAGUARÁ,1.1157457307395406
87,UBS CHÁCARA DO CONDE,-23.77085,-46.705176,5272912.0,CAPELA DO SOCORRO,5.6242473676963565
128,UBS FERROVIÁRIOS,-23.597944,-46.391658,5271805.0,CIDADE TIRADENTES,3.0095491788347943
88,UBS CHÁCARA INGLESA,-23.493762,-46.725229,5270220.0,PIRITUBA/JAGUARÁ,0.6233220005917988
113,UBS DR. AUGUSTO LEOPOLDO AYROSA GALVÃO,-23.470331,-46.673908,5262647.0,FREGUESIA DO Ó/BRASILANDIA,1.1292789544684454
281,UBS PARADA XV DE NOVEMBRO,-23.527374,-46.435541,5261108.0,ITAQUERA,2.3774389028252987
3,AMA/UBS ANHANGUERA,-23.489099,-46.759182,5205824.0,PIRITUBA/JAGUARÁ,3.248453446767313
322,UBS RIO PEQUENO - PAULO DE BARROS FRANÇA,-23.562688,-46.751566,5199726.0,BUTANTA,3.1628187508659495
370,UBS VILA EDE,-23.490675,-46.59155,5197851.0,SANTANA/TUCURUVI,1.618271849775009
271,UBS MOINHO VELHO II,-23.612417,-46.603797,5181622.0,IPIRANGA,2.7928399545482705
310,UBS PEDRO DE SOUZA CAMPOS,-23.503174,-46.483967,5177556.0,ERMELINO MATARAZZO,0.673525476539996
172,UBS JARDIM ELISA MARIA I,-23.456158,-46.68549,5168302.0,FREGUESIA DO Ó/BRASILANDIA,3.0728510222989627
146,UBS JARDIM AURORA,-23.536433,-46.417627,5157940.0,GUAIANASES,0.7943468630508522
366,UBS VILA DAS BELEZAS - DR. ALBERTO AMBRÓSIO,-23.643756,-46.742868,5137689.0,CAMPO LIMPO,0.7373259988417501
296,UBS PARQUE IMPERIAL - MANOEL ANTONIO DA SILVA SARAGOÇA,-23.628014,-46.635997,5134959.0,JABAQUARA,2.231561043570494
123,UBS ENCOSTA NORTE - LUIZ JOSE SANTOS,-23.502486,-46.380366,5098162.0,ITAIM PAULISTA,3.8805052866532432
164,UBS JARDIM DAMASCENO,-23.451476,-46.698773,5097205.0,FREGUESIA DO Ó/BRASILANDIA,4.419489367277621
352,UBS VILA ARICANDUVA,-23.534831,-46.536571,5089745.0,ARICANDUVA/CARRAO/FORMOSA,2.0969300901054644
211,UBS JARDIM NOVE DE JULHO,-23.592072,-46.484677,5089102.0,SÃO MATEUS,1.8233793940680032
250,UBS JARDIM UMUARAMA,-23.661943,-46.669702,5088811.0,CIDADE ADEMAR,0.7773921632911364
165,UBS JARDIM DAS LARANJEIRAS - SÃO MATEUS,-23.594763,-46.437092,5087605.0,CIDADE TIRADENTES,2.48532350231468
429,UPA JARDIM ELISA MARIA I,-23.456158,-46.685491,5065740.0,FREGUESIA DO Ó/BRASILANDIA,3.0729198978583545
365,UBS VILA DALVA - ENG. GUILHERME HENRIQUE PINTO COELHO,-23.563639,-46.765086,5064712.0,BUTANTA,3.886467719551446
263,UBS LUAR DO SERTÃO,-23.692752,-46.794364,5040953.0,M'BOI MIRIM,7.280743441088664
226,UBS JARDIM ROMANO VILA ITAIM,-23.486494,-46.392531,5038388.0,ITAIM PAULISTA,2.6161935579543996
346,UBS VILA ALBERTINA - DR OSVALDO MARÇAL,-23.449162,-46.610174,5020455.0,JACANA/TREMEMBE,3.538873704871573
161,UBS JARDIM DA CONQUISTA I,-23.612895,-46.453102,5009038.0,SÃO MATEUS,2.1786332881702593
212,UBS JARDIM NOVO PANTANAL - PEDREIRA,-23.699508,-46.64017,5007313.0,CIDADE ADEMAR,4.9921349442021254
230,UBS JARDIM SANTA MARIA,-23.550796,-46.505823,5004502.0,PENHA,3.909609212417777
262,UBS LARANJEIRAS,-23.703427,-46.628137,4997221.0,CIDADE ADEMAR,6.186867163082119
28,AMA/UBS MASSAGISTA MÁRIO AMÉRICO,-23.486697,-46.655573,4993443.0,FREGUESIA DO Ó/BRASILANDIA,1.4928816070390312
403,UBS VILA NOVA YORK,-23.578849,-46.509869,4986674.0,SAPOPEMBA,2.408319632509214
374,UBS VILA ESPERANÇA - DR. EMILIO SANTIAGO DE OLIVEIRA,-23.523484,-46.526283,4980645.0,PENHA,0.7709879417389603
419,UBS VILA SANTA MARIA,-23.493186,-46.67146,4954112.0,FREGUESIA DO Ó/BRASILANDIA,1.9596109818924554
139,UBS INDIANÓPOLIS - SIGMUND FREUD,-23.614212,-46.6654,4926002.0,VILA MARIANA,2.4031315319836044
295,UBS PARQUE FIGUEIRA GRANDE,-23.67927,-46.74906,4911676.0,M'BOI MIRIM,2.480936928891566
259,UBS JOSE BONIFACIO III - DRA. LUCY MAYUMI UDAKIRI,-23.540462,-46.439289,4901505.0,ITAQUERA,2.279529879506643
16,AMA/UBS JARDIM IPANEMA,-23.446341,-46.749058,4888060.0,PERUS/ANHANGUERA,4.386301030086431
203,UBS JARDIM MARACÁ,-23.671713,-46.772677,4884877.0,M'BOI MIRIM,4.528495395623785
64,UBS ANTONIO ESTEVÃO DE CARVALHO,-23.539206,-46.476252,4878143.0,ITAQUERA,2.05390540821409
325,UBS SANTA LÚCIA,-23.688958,-46.766005,4867869.0,M'BOI MIRIM,4.515086461113614
336,UBS SÃO REMO,-23.563643,-46.743848,4866285.0,BUTANTA,2.804092588359795
129,UBS GAIVOTAS,-23.732145,-46.666909,4866231.0,CAPELA DO SOCORRO,3.785114078101394
187,UBS JARDIM ICARAÍ BRASILÂNDIA - DR DANIEL ALVES GRANGEIRO,-23.465969,-46.696403,4843551.0,FREGUESIA DO Ó/BRASILANDIA,3.3977788199481833
183,UBS JARDIM HELENA,-23.479272,-46.414694,4816785.0,ITAIM PAULISTA,1.5805472435616257
194,UBS JARDIM JULIETA,-23.496276,-46.568155,4793111.0,JACANA/TREMEMBE,3.4533246508308815
86,UBS CHORA MENINO,-23.494493,-46.63771,4777393.0,FREGUESIA DO Ó/BRASILANDIA,3.4371789822819476
317,UBS RECANTO DOS HUMILDES,-23.41516,-46.751496,4761255.0,PERUS/ANHANGUERA,0.9144178909581365
107,UBS DOM ANGELICO,-23.580445,-46.383071,4748613.0,CIDADE TIRADENTES,3.400648011581354
422,UBS VILA TEREZINHA,-23.458762,-46.696421,4741313.0,FREGUESIA DO Ó/BRASILANDIA,3.7528025395575138
103,UBS CONJUNTO DO IPESP,-23.465013,-46.605088,4734882.0,SANTANA/TUCURUVI,1.8140326096457076
6,AMA/UBS ELISIO TEIXEIRA LEITE,-23.446305,-46.714341,4717095.0,PIRITUBA/JAGUARÁ,4.875440332842246
130,UBS GLEBA DO PÊSSEGO - VICENTE FIUZA DA COSTA,-23.58411,-46.448888,4716888.0,SÃO MATEUS,2.6527554078142956
79,UBS CARANDIRU,-23.504408,-46.610739,4711514.0,VILA GUILHERME/VILA MARIA,2.0216134212329786
414,UBS VILA RENATO - MARIA DAS GRAÇAS DA SILVA,-23.617572,-46.506963,4693840.0,SAPOPEMBA,1.9997993126644023
175,UBS JARDIM FANGANIELLO,-23.547184,-46.395999,4691330.0,GUAIANASES,2.04076097469797
372,UBS VILA ESPANHOLA,-23.481434,-46.667834,4666313.0,FREGUESIA DO Ó/BRASILANDIA,0.609184337179019
68,UBS BOM RETIRO - DR. OCTAVIO AUGUSTO RODOVALHO,-23.526016,-46.641598,4658312.0,SÉ,2.542945895652232
25,AMA/UBS JARDIM TRÊS MARIAS - DR. MAURICIO ZAMIJOVSKY,-23.518476,-46.492224,4634308.0,ERMELINO MATARAZZO,1.78538977200783
65,UBS AUTÓDROMO - DR FAUZER SIMÃO ABRÃO,-23.700696,-46.69213,4628406.0,CAPELA DO SOCORRO,2.3982019201919296
201,UBS JARDIM MAGDALENA,-23.667016,-46.792481,4627859.0,CAMPO LIMPO,6.3826090144625445
125,UBS ENGENHEIRO TRINDADE,-23.511038,-46.550718,4622645.0,PENHA,3.14070961865445
108,UBS DOM JOÃO NERY,-23.522795,-46.399815,4561769.0,GUAIANASES,2.791173585602878
49,AMA/UBS VILA PEREIRA BARRETO,-23.487789,-46.713389,4557463.0,PIRITUBA/JAGUARÁ,1.424451073532979
143,UBS JARAGUÁ,-23.504756,-46.410341,4556177.0,ITAIM PAULISTA,1.4459212314504286
26,AMA/UBS JOSÉ BONIFÁCIO I,-23.542839,-46.431168,4544582.0,GUAIANASES,1.5908708906906508
353,UBS VILA AURORA - DR DOMINGOS MAZZONETO DE CILO,-23.473552,-46.626143,4538900.0,SANTANA/TUCURUVI,2.448201106633708
282,UBS PARAISÓPOLIS,-23.616684,-46.723311,4523617.0,CAMPO LIMPO,3.155475908721134
392,UBS VILA MANGALOT,-23.495252,-46.745278,4483004.0,PIRITUBA/JAGUARÁ,1.9778376246537854
223,UBS JARDIM RINCÃO,-23.435141,-46.727753,4479615.0,PERUS/ANHANGUERA,4.0533467453717655
235,UBS JARDIM SELMA - CIDADE ADEMAR,-23.690201,-46.657098,4476412.0,CIDADE ADEMAR,3.089110074174867
93,UBS CIDADE JULIA,-23.691084,-46.64045,4460190.0,CIDADE ADEMAR,4.349252548647154
119,UBS DR. SÉRGIO CHADDAD,-23.743164,-46.711162,4455782.0,CAPELA DO SOCORRO,2.708557290053781
229,UBS JARDIM SANTA MARGARIDA,-23.678701,-46.755539,4443902.0,M'BOI MIRIM,3.0321943700296305
244,UBS JARDIM SÃO FRANCISCO I,-23.497664,-46.530285,4434838.0,PENHA,2.5035364531526576
181,UBS JARDIM GUARANI,-23.462469,-46.69132,4381674.0,FREGUESIA DO Ó/BRASILANDIA,3.094324623749039
231,UBS JARDIM SANTA TEREZINHA,-23.572197,-46.503408,4378859.0,SAPOPEMBA,3.269745440597486
306,UBS PARQUE SANTO ANTONIO II,-23.661582,-46.749341,4374949.0,M'BOI MIRIM,2.220598409662389
156,UBS JARDIM COLONIAL,-23.601905,-46.472024,4374588.0,SÃO MATEUS,0.4253725448494335
327,UBS SANTO AMARO - DR. SÉRGIO VILLAÇA BRAGA,-23.647698,-46.701792,4366380.0,SANTO AMARO,0.6627670265552558
432,UPA LAPA - PROF. JOÃO CATARIN MEZOMO,-23.537596,-46.721961,4353242.0,LAPA,3.209901299866882
332,UBS SILMARYA REJANE M.DE SOUZA,-23.455186,-46.699533,4334584.0,FREGUESIA DO Ó/BRASILANDIA,4.235557638555837
272,UBS MORADA DO SOL,-23.431628,-46.781497,4323868.0,PERUS/ANHANGUERA,3.982048876001692
330,UBS SEM TERRA - PARQUE NAÇÕES UNIDAS,-23.440064,-46.745984,4318687.0,PERUS/ANHANGUERA,3.7399919085023603
84,UBS CAXINGUI - NANCI ABRANCHES,-23.579105,-46.714944,4305413.0,PINHEIROS,2.1425175346271805
149,UBS JARDIM CAIÇARA,-23.68343,-46.775536,4302813.0,M'BOI MIRIM,5.1160047775401125
82,UBS CASA VERDE ALTA,-23.489239,-46.664617,4278888.0,FREGUESIA DO Ó/BRASILANDIA,1.412978052536168
350,UBS VILA APARECIDA,-23.690937,-46.670224,4261326.0,CIDADE ADEMAR,2.6506964297029403
62,UBS ALTO DE PINHEIROS - DR SUEL ABUJAMRA,-23.537596,-46.721961,4260858.0,LAPA,3.209901299866882
303,UBS PARQUE REGINA - PERINA ALVES TEIXEIRA,-23.634533,-46.755626,4244138.0,CAMPO LIMPO,2.2205792019151165
290,UBS PARQUE DAS FLORES,-23.640309,-46.446134,4241564.0,SÃO MATEUS,5.085260415713684
225,UBS JARDIM ROBRU - MESSIAS JOSE DA SILVA,-23.521252,-46.412409,4208302.0,GUAIANASES,2.4753213150558153
115,UBS DR. JOSÉ DE BARROS MAGALDI,-23.587425,-46.685298,4167529.0,PINHEIROS,3.2606108539872065
173,UBS JARDIM EMBURA,-23.880577,-46.741822,4164461.0,PARELHEIROS,7.2896645166896095
72,UBS BRASÍLIA - M BOI,-23.653893,-46.745095,4143533.0,CAMPO LIMPO,1.5699078425700446
228,UBS JARDIM ROSINHA,-23.439017,-46.802059,4142922.0,PERUS/ANHANGUERA,6.1302702496919315
153,UBS JARDIM CIDADE PIRITUBA,-23.477626,-46.72098,4135604.0,PIRITUBA/JAGUARÁ,1.3718593954858784
30,AMA/UBS PARI,-23.525997,-46.620973,4128208.0,VILA GUILHERME/VILA MARIA,1.7861409629651743
197,UBS JARDIM LOURDES,-23.660122,-46.637024,4124089.0,JABAQUARA,1.406824648419805
221,UBS JARDIM REIMBERG - NAIR NUNES DA SILVA,-23.74966,-46.69754,4110763.0,CAPELA DO SOCORRO,3.286148025481813
90,UBS CHÁCARA SANTANA,-23.671735,-46.747032,4108621.0,M'BOI MIRIM,1.952585616512073
99,UBS CIDADE SATELITE - SANTA BARBARA,-23.611742,-46.463679,4101544.0,SÃO MATEUS,1.451925448624737
404,UBS VILA OLIMPIA - MAX PERLMAN,-23.592681,-46.671278,4100519.0,VILA MARIANA,2.3100701418857468
19,AMA/UBS JARDIM MIRIAM - MANOEL SOARES DE OLIVEIRA,-23.678565,-46.644494,4086027.0,CIDADE ADEMAR,3.2931934928931668
195,UBS JARDIM KERALUX,-23.484548,-46.498207,4085527.0,ERMELINO MATARAZZO,3.196814477246457
152,UBS JARDIM CELESTE,-23.656726,-46.741376,4070358.0,CAMPO LIMPO,1.6642010854744378
117,UBS DR. MANOEL JOAQUIM PÊRA,-23.553716,-46.691135,4048205.0,PINHEIROS,1.614568239999742
145,UBS JARDIM APURÁ,-23.710727,-46.653086,4009222.0,CAPELA DO SOCORRO,5.073250484212751
56,CS ESCOLA BARRA FUNDA - ALEXANDRE VRANJAC,-23.52116,-46.658956,4005273.0,CASA VERDE/CACHOEIRINHA,1.287166223308181
334,UBS SÃO JORGE - CIDADE ADEMAR,-23.685793,-46.661613,4004393.0,CIDADE ADEMAR,2.426000129285853
412,UBS VILA RAMOS - FREGUESIA DO Ó,-23.482552,-46.677918,3999884.0,FREGUESIA DO Ó/BRASILANDIA,1.463968910284272
66,UBS BARRO BRANCO,-23.583786,-46.393162,3953712.0,CIDADE TIRADENTES,2.3612903011602713
178,UBS JARDIM GERMANIA,-23.654212,-46.759758,3937503.0,CAMPO LIMPO,2.763303247773469
185,UBS JARDIM HERCULANO,-23.692325,-46.757648,3901710.0,M'BOI MIRIM,4.067292017341719
184,UBS JARDIM HELGA,-23.641306,-46.771444,3880872.0,CAMPO LIMPO,3.6416556051445452
270,UBS MOINHO VELHO,-23.49501,-46.712601,3879017.0,PIRITUBA/JAGUARÁ,1.6678716494416699
157,UBS JARDIM COLORADO - DR. JOSÉ PIRES,-23.626491,-46.46371,3869958.0,SÃO MATEUS,3.040675616258193
301,UBS PARQUE PAULISTANO,-23.487241,-46.432214,3844490.0,ITAIM PAULISTA,1.6844806203747047
213,UBS JARDIM OLINDA - ZELIA PEREIRA SANTOS,-23.629335,-46.754536,3835023.0,CAMPO LIMPO,2.4238327257914003
69,UBS BORACEA,-23.525147,-46.651443,3820725.0,CASA VERDE/CACHOEIRINHA,2.127780405488421
385,UBS VILA IPOJUCA - WANDA COELHO DE MORAES,-23.531985,-46.701094,3815559.0,LAPA,1.243384151076638
81,UBS CASA VERDE,-23.504473,-46.660066,3794310.0,CASA VERDE/CACHOEIRINHA,1.044420959491556
309,UBS PASTORAL,-23.61398061,-46.51704677,3784036.0,SAPOPEMBA,1.5798011881445262
361,UBS VILA CHABILÂNDIA,-23.537402,-46.404899,3781668.0,GUAIANASES,1.2716444729677059
58,CS ESCOLA SAMUEL BARNSLEY PESSOA ,-23.568572,-46.71666,3769705.0,PINHEIROS,1.4995524240538614
147,UBS JARDIM BANDEIRANTES,-23.542442,-46.392748,3742260.0,GUAIANASES,2.328607980479744
416,UBS VILA ROSCHEL,-23.841449,-46.737013,3691488.0,PARELHEIROS,2.914881406203962
71,UBS BRASILÂNDIA,-23.470787,-46.691981,3649953.0,FREGUESIA DO Ó/BRASILANDIA,2.8106628107203844
176,UBS JARDIM FLOR DE MAIO,-23.431138,-46.574924,3604860.0,JACANA/TREMEMBE,4.169786395145548
89,UBS CHÁCARA SANTA MARIA,-23.700522,-46.791137,3544827.0,M'BOI MIRIM,7.37100422029757
132,UBS GUAIANAZES,-23.543538,-46.409432,3486239.0,GUAIANASES,0.626241672350836
269,UBS MENINÓPOLIS - DR. MARIO FRANCISCO NAPOLITANO,-23.620658,-46.687915,3472696.0,SANTO AMARO,3.9174234916228805
122,UBS ELISA MARIA II - DR CAMILO CRISTOFARO MARTINS,-23.45183691,-46.67615476,3446332.0,FREGUESIA DO Ó/BRASILANDIA,2.967582156225296
109,UBS DOMINGOS MANTELLI,-23.47031,-46.721269,3424832.0,PIRITUBA/JAGUARÁ,2.115105498076883
120,UBS DR. WALTER ELIAS - CASA VERDE BAIXA,-23.509428,-46.663986,3420019.0,CASA VERDE/CACHOEIRINHA,0.3655305340671684
243,UBS JARDIM SÃO CARLOS - CIDADE ADEMAR,-23.682114,-46.658693,3387480.0,CIDADE ADEMAR,2.290629964562829
159,UBS JARDIM COPA - MATHILDE DE AQUINO DINIZ,-23.56238,-46.457392,3350769.0,ITAQUERA,3.579155535667861
291,UBS PARQUE DO LAGO,-23.716695,-46.77759,3276207.0,M'BOI MIRIM,7.424648290254819
248,UBS JARDIM THOMAS,-23.673886,-46.756184,3242450.0,M'BOI MIRIM,2.9148092388713627
369,UBS VILA DIONISIA II,-23.467752,-46.658868,3226570.0,FREGUESIA DO Ó/BRASILANDIA,1.168445452948543
326,UBS SANTA MADALENA,-23.615366,-46.510667,3142118.0,SAPOPEMBA,1.680990661398523
166,UBS JARDIM DAS PALMAS,-23.627203,-46.746445,3135850.0,CAMPO LIMPO,2.038503025446172
424,UBS ZUMBI DOS PALMARES,-23.672071,-46.746016,3134853.0,M'BOI MIRIM,1.862753591844896
388,UBS VILA JACUÍ,-23.502523,-46.449848,3132671.0,SÃO MIGUEL PAULISTA,0.2812453972243434
75,UBS CAJU,-23.54479,-46.753424,3065169.0,BUTANTA,5.084849991885468
278,UBS NOVA ESPERANÇA PAULISTANO II,-23.454654,-46.710765,3017681.0,PIRITUBA/JAGUARÁ,4.125531257628507
258,UBS JOSE BONIFACIO II - CELINA MARIA JOSE DE OLIVEIRA,-23.553835,-46.444665,2940859.0,ITAQUERA,2.9888275414772094
266,UBS MARIA CECÍLIA FERRO DONNANGELO,-23.473232,-46.683939,2933631.0,FREGUESIA DO Ó/BRASILANDIA,1.9516249504742504
61,UBS ALPES DO JARAGUÁ,-23.446884,-46.753735,2886211.0,PERUS/ANHANGUERA,4.427788159950421
408,UBS VILA PRAIA -VITORIO ROLANDO BOCCALETTI,-23.617277,-46.745817,2885916.0,CAMPO LIMPO,3.0063033932317755
141,UBS ITAIM PAULISTA - DR. JÚLIO DE GOUVEIA,-23.494437,-46.400525,2884901.0,ITAIM PAULISTA,1.6931038149997126
167,UBS JARDIM DAS PEDRAS,-23.419153,-46.590344,2853271.0,JACANA/TREMEMBE,5.497736929907991
328,UBS SANTO ELIAS,-23.495945,-46.750013,2819436.0,PIRITUBA/JAGUARÁ,2.4563630250246122
393,UBS VILA MARCELO,-23.788066,-46.722185,2804315.0,PARELHEIROS,3.3184776203140633
237,UBS JARDIM SILVEIRA,-23.850459,-46.712957,2773451.0,PARELHEIROS,4.540972018385675
283,UBS PARAISÓPOLIS II,-23.612094,-46.726194,2711190.0,BUTANTA,2.9092532690070594
348,UBS VILA ANASTÁCIO,-23.515732,-46.722818,2676335.0,LAPA,2.8838343997380154
140,UBS INTERATIVA,-23.446604,-46.709725,2565217.0,PIRITUBA/JAGUARÁ,4.992868989576093
102,UBS CONJUNTO AE CARVALHO,-23.526159,-46.459708,2533311.0,ITAQUERA,0.46337637849955376
331,UBS SHANGRILA/ELLUS,-23.766552,-46.667833,2517471.0,CAPELA DO SOCORRO,6.190736360041144
277,UBS NOVA AMÉRICA,-23.868856,-46.678047,2509510.0,PARELHEIROS,8.353364200447137
265,UBS MAR PAULISTA,-23.696717,-46.662911,2351917.0,CIDADE ADEMAR,3.463684442870777
434,UPA PEDREIRA - DR. CESAR ANTUNES DA ROCHA,-23.695049,-46.676624,2303963.0,CIDADE ADEMAR,3.080668493229747
254,UBS JARDIM VITÓRIA,-23.5874,-46.38685,2264170.0,CIDADE TIRADENTES,3.0417528804331115
196,UBS JARDIM LAPENNA,-23.487296,-46.449255,2256358.0,SÃO MIGUEL PAULISTA,1.4672502527028102
40,AMA/UBS VILA BARBOSA,-23.505328,-46.670864,2081902.0,CASA VERDE/CACHOEIRINHA,0.8528162871099579
48,AMA/UBS VILA PALMEIRAS ,-23.494637,-46.685276,2076265.0,CASA VERDE/CACHOEIRINHA,2.7107513125385214
134,UBS HORTO FLORESTAL,-23.461817,-46.629735,1928964.0,SANTANA/TUCURUVI,3.4281285897173843
267,UBS MARSILAC,-23.90651,-46.70776,1820535.0,PARELHEIROS,10.533571255067928
59,UBS ALCINA PIMENTEL PIZA,-23.768775,-46.649174,1443858.0,CAPELA DO SOCORRO,7.593513660123553
437,UPA RIO PEQUENO,-23.576263,-46.765363,1256729.0,BUTANTA,3.087610821359286
85,UBS CHACARA DO SOL,-23.779913,-46.674141,1247891.0,CAPELA DO SOCORRO,7.194813970984407
439,UPA SANTO AMARO - DR JOSÉ SYLVIO DE CAMARGO,-23.65164,-46.704757,1244741.0,SANTO AMARO,0.2369826359011641
246,UBS JARDIM SÃO NORBERTO,-23.817552,-46.705326,436109.0,PARELHEIROS,3.0907311198096883
431,UPA JARDIM PERI,-23.467309,-46.667498,185464.0,FREGUESIA DO Ó/BRASILANDIA,1.054193173988962
435,UPA PERUS - DR. LUIZ ANTONIO DE ABREU SAMPAIO DORIA,-23.400544,-46.746767,20480.0,PERUS/ANHANGUERA,0.9711822799131811
436,UPA PIRITUBA,-23.484607,-46.727648,19974.0,PIRITUBA/JAGUARÁ,0.43401775861324465
444,UPA CIDADE TIRADENTES,-23.571717,-46.403307,7800.0,CIDADE TIRADENTES,1.829485473663226
430,UPA JARDIM HELENA,-23.479009,-46.419588,1586.0,ITAIM PAULISTA,1.6112896948140425
443,UBS JARDIM COLOMBO,-23.601797,-46.727934,1381.0,BUTANTA,1.821512531072636
428,UPA JABAQUARA,-23.65314619,-46.64529338,721.0,JABAQUARA,0.810369056341644
426,UPA CARRÃO - MASATAKA OTA,-23.550048,-46.53387825,215.0,ARICANDUVA/CARRAO/FORMOSA,1.4533816557162982
